{"cameraMode":{"drawMode":0,"name":"Shaded","section":"Shading Mode"},"sceneLighting":true,"audioPlay":false,"sceneViewState":{"showFog":true,"showMaterialUpdate":false,"showSkybox":true,"showFlares":true,"showImageEffects":true,"showParticleSystems":true},"in2DMode":false,"pivot":{"x":537.0680541992188,"y":297.25445556640627,"z":-680.6719970703125},"rotation":{"x":-0.030890440568327905,"y":-0.009896456263959408,"z":-0.00030531061929650605,"w":0.9994737505912781},"size":107.8796157836914,"orthographic":false}